{
	// Lower Y values are at the top of the pads, closer to the machine.
	// Units are panel lengths and assume square panels.

	"PadDataInput":
	{
		"dance-single":
		{
			"Positions": [
				{"X": 0, "Y": 1},
				{"X": 1, "Y": 2},
				{"X": 1, "Y": 0},
				{"X": 2, "Y": 1},
			],
		},
		"dance-double":
		{
			"Positions": [
				{"X": 0, "Y": 1},
				{"X": 1, "Y": 2},
				{"X": 1, "Y": 0},
				{"X": 2, "Y": 1},
				{"X": 3, "Y": 1},
				{"X": 4, "Y": 2},
				{"X": 4, "Y": 0},
				{"X": 5, "Y": 1},
			],
		},
		"dance-solo":
		{
			"Positions": [
				{"X": 0, "Y": 1},
				{"X": 0, "Y": 0},
				{"X": 1, "Y": 2},
				{"X": 1, "Y": 0},
				{"X": 2, "Y": 0},
				{"X": 2, "Y": 1},
			],
		},
		"dance-threepanel":
		{
			"Positions": [
				{"X": 0, "Y": 0},
				{"X": 1, "Y": 2},
				{"X": 2, "Y": 0},
			],
		},
		"pump-single":
		{
			"Positions": [
				{"X": 0, "Y": 2},
				{"X": 0, "Y": 0},
				{"X": 1, "Y": 1},
				{"X": 2, "Y": 0},
				{"X": 2, "Y": 2},
			],
		},
		"pump-halfdouble":
		{
			"Positions": [
				{"X": 0, "Y": 1},
				{"X": 1, "Y": 0},
				{"X": 1, "Y": 2},
				{"X": 2, "Y": 2},
				{"X": 2, "Y": 0},
				{"X": 3, "Y": 1},
			],
		},
		"pump-double":
		{
			"Positions": [
				{"X": 0, "Y": 2},
				{"X": 0, "Y": 0},
				{"X": 1, "Y": 1},
				{"X": 2, "Y": 0},
				{"X": 2, "Y": 2},
				{"X": 3, "Y": 2},
				{"X": 3, "Y": 0},
				{"X": 4, "Y": 1},
				{"X": 5, "Y": 0},
				{"X": 5, "Y": 2},
			],
		},
		"smx-beginner":
		{
			"Positions": [
				{"X": 0, "Y": 0},
				{"X": 1, "Y": 0},
				{"X": 2, "Y": 0},
			],
		},
		"smx-single":
		{
			"Positions": [
				{"X": 0, "Y": 1},
				{"X": 1, "Y": 2},
				{"X": 1, "Y": 1},
				{"X": 1, "Y": 0},
				{"X": 2, "Y": 1},
			],
		},
		"smx-dual":
		{
			"Positions": [
				{"X": 0, "Y": 0},
				{"X": 1, "Y": 0},
				{"X": 2, "Y": 0},
				{"X": 3, "Y": 0},
				{"X": 4, "Y": 0},
				{"X": 5, "Y": 0},
			],
		},
		"smx-full":
		{
			"Positions": [
				{"X": 0, "Y": 1},
				{"X": 1, "Y": 2},
				{"X": 1, "Y": 1},
				{"X": 1, "Y": 0},
				{"X": 2, "Y": 1},
				{"X": 3, "Y": 1},
				{"X": 4, "Y": 2},
				{"X": 4, "Y": 1},
				{"X": 4, "Y": 0},
				{"X": 5, "Y": 1},
			],
		},
	}
}